<?xml version='1.0' encoding='UTF-8'?>
<cricketinfo>
            <cricket>
                        <player>Sachin tendulkar</player>
                        <runs>1000</runs>
                        <wickets>50</wickets>
                        <noofnotout>10</noofnotout>
            </cricket>

            <cricket>
                        <player>Virat kohli</player>
                        <runs>100</runs>
                        <wickets>40</wickets>
                        <noofnotout>10</noofnotout>
            </cricket>

            <cricket>
                        <player>Kl rahul</player>
                        <runs>1020</runs>
                        <wickets>60</wickets>
                        <noofnotout>10</noofnotout>
            </cricket>

            <cricket>
                        <player>Rohit Sharma</player>
                        <runs>9000</runs>
                        <wickets>90</wickets>
                        <noofnotout>40</noofnotout>
            </cricket>

            <cricket>
                        <player>Shreyash iyer</player>
                        <runs>170</runs>
                        <wickets>80</wickets>
                        <noofnotout>8</noofnotout>
            </cricket>
</cricketinfo>



